{
  "n_triples": 147,
  "total_insertion_time_s": 5.7370529000181705,
  "avg_time_per_triple_s": 0.03902549386106837,
  "per_triple_times": [
    0.6112971999682486,
    0.1492355999071151,
    0.11997130000963807,
    0.01269709994085133,
    0.1263991000596434,
    0.1644436998758465,
    0.02122570015490055,
    0.013937999960035086,
    0.08646130003035069,
    0.014116200152784586,
    0.015140000032261014,
    0.1198898998554796,
    0.08960600011050701,
    0.01618769997730851,
    0.1141867998521775,
    0.1256732998881489,
    0.012471499852836132,
    0.1538395001552999,
    0.011872899951413274,
    0.010118999984115362,
    0.014350799843668938,
    0.019639099948108196,
    0.3629759999457747,
    0.015366600127890706,
    0.1376848998479545,
    0.014418800128623843,
    0.11760640004649758,
    0.09658890007995069,
    0.010555400047451258,
    0.01047019986435771,
    0.07210920006036758,
    0.014098200015723705,
    0.012555799912661314,
    0.011441400041803718,
    0.012947899987921119,
    0.011342599987983704,
    0.010217699920758605,
    0.07300079986453056,
    0.01256430009379983,
    0.007938599912449718,
    0.012543899938464165,
    0.013326299842447042,
    0.07408210006542504,
    0.009472199948504567,
    0.009957199916243553,
    0.015346900094300508,
    0.010664500063285232,
    0.010374200064688921,
    0.01248560007661581,
    0.011426599929109216,
    0.01728900009766221,
    0.014645999995991588,
    0.08579530008137226,
    0.015357699943706393,
    0.013108799932524562,
    0.017822799971327186,
    0.015851600095629692,
    0.014520499855279922,
    0.014483399922028184,
    0.08331439993344247,
    0.011694199871271849,
    0.013360700104385614,
    0.012016399996355176,
    0.010973699856549501,
    0.013503100024536252,
    0.07927710004150867,
    0.011919599957764149,
    0.010263900039717555,
    0.06302949995733798,
    0.00954859983175993,
    0.008210300002247095,
    0.008019000058993697,
    0.007384199881926179,
    0.008270699996501207,
    0.008156399941071868,
    0.008937400067225099,
    0.00864039990119636,
    0.009096499998122454,
    0.00848100008442998,
    0.008575599873438478,
    0.047071099979802966,
    0.008246900048106909,
    0.011655000038444996,
    0.05762590002268553,
    0.010110600152984262,
    0.01069419994018972,
    0.0110555998980999,
    0.0630691999103874,
    0.07885109982453287,
    0.04949999996460974,
    0.07236730004660785,
    0.06122169992886484,
    0.01137720001861453,
    0.06569329998455942,
    0.00928090000525117,
    0.05385309993289411,
    0.05726620019413531,
    0.05918539990670979,
    0.009508399991318583,
    0.008980399928987026,
    0.051648500142619014,
    0.008816400077193975,
    0.010117999976500869,
    0.05069289985112846,
    0.012074799975380301,
    0.010701700113713741,
    0.01172249997034669,
    0.010761199984699488,
    0.05819900007918477,
    0.011595499934628606,
    0.05655719991773367,
    0.011731599923223257,
    0.009933700086548924,
    0.010090600000694394,
    0.010011600097641349,
    0.06610689987428486,
    0.010549700120463967,
    0.059303299989551306,
    0.03420340013690293,
    0.055872200056910515,
    0.010279699927195907,
    0.060125399846583605,
    0.012501700082793832,
    0.0592225999571383,
    0.04460790008306503,
    0.03724109986796975,
    0.04957029991783202,
    0.010344699956476688,
    0.010764200007542968,
    0.012297399807721376,
    0.014259600080549717,
    0.012359899934381247,
    0.011644799960777164,
    0.012712100055068731,
    0.010990099981427193,
    0.010152400005608797,
    0.00929959979839623,
    0.009455000050365925,
    0.009982299990952015,
    0.009962900076061487,
    0.04530699993483722,
    0.011170799843966961,
    0.0359523999504745,
    0.008027900010347366,
    0.01182159991003573,
    0.010019099805504084,
    0.06149820005521178
  ]
}